"Catalog.Number...USNM","Kind.of.Object","Special.Collections","Specimen.Count","Valid.Name","Name.Cleaned","Identification","Other.Identifications","Name.Hierarchy","Type.Status","Type.Citations","Order","Family","Subfamily","Date.ISO.8601","Date.Collected","Ocean","Sea.Gulf","Archipelago","Island.Grouping","Island.Name","Continent","Country","Province.State","District.County","Precise.Locality","Centroid.Latitude","Centroid.Longitude","Collector.s.","Field.Number.s.","Other.Numbers..Type...Value.","Vessel","Cruise","Station","Expedition","Collection.Method","Depth..m.","Source.of.Sample","Preparation.Details..Preparation.Location.Count.","Measurements","Notes","Accession.Number","Genetic.Sample.Type","Biorepository.Number","Specimen.Voucher.Number","Bold.ID","GenBank.Numbers","Preservation.Method","Embargo.","Depleted.","Record.Last.Modified","EZID"
"44886","Specimen/Lot","",8,"Misgurnus anguillicaudatus","Misgurnus anguillicaudatus","Misgurnus anguillicaudatus","","Misgurnus anguillicaudatus : Cobitidae : Cypriniformes : Actinopterygii : Chordata","","","Cypriniformes","Cobitidae","Cobitinae","","","","","","","","Asia","Japan","","","Japan.",NA,NA,"","","","Fish Hawk","","","","","","","","","Orig. no. 144. ""dojo"". Presented by the Imperial Commission of the Japanese Government, obtained by the United States Fish Commission at the 1893 World's Fair in Chicago.",27757,"","","",NA,"",NA,"",NA,"8/26/14 20:18","http://n2t.net/ark:/65665/35392e376-6c28-4773-901f-d3af87c74e27"
"124976","Specimen/Lot","",7,"Citharichthys arctifrons","Citharichthys arctifrons","Citharichthys arctifrons","","Citharichthys arctifrons : Paralichthyidae : Pleuronectiformes : Actinopterygii : Chordata","","","Pleuronectiformes","Paralichthyidae","","1892-07-10","10 Jul 1892 (1892 Jul 10 - 0000 00 00)","","","","","","","","","","",NA,NA,"","","","Grampus","","5134","United States Bureau of Fisheries (USBF)","","","","","","U.s.b.f. no. 1631.",163614,"","","",NA,"",NA,"",NA,"8/20/14 18:37","http://n2t.net/ark:/65665/3740d350b-407e-46be-9234-a1c5e27396ce"
"44699","Specimen/Lot","",6,"Lopholatilus chamaeleonticeps","Lopholatilus chamaeleonticeps","Lopholatilus chamaeleonticeps","","Lopholatilus chamaeleonticeps : Malacanthidae : Perciformes : Actinopterygii : Chordata","","","Perciformes","Malacanthidae","","1893","1893","","","","","","","","","","No further data at this time",NA,NA,"","","","Grampus","","","United States Bureau of Fisheries (USBF)","","","","Unknown:Tank 01","","",27320,"","","",NA,"",NA,"",NA,"10/24/23 20:33","http://n2t.net/ark:/65665/34116a244-4a89-4ba5-a7d2-b6f26dbe4d98"
"61360","Specimen/Lot","",6,"Squalus acanthias","Squalus acanthias","Squalus acanthias","","Squalus acanthias : Squalidae : Squaliformes : Chondrichthyes : Chordata","","","Squaliformes","Squalidae","","","","","","","","","","","","","No data",NA,NA,"","","","Grampus","","","United States Bureau of Fisheries (USBF)","","","","","","",48171,"","","",NA,"",NA,"",NA,"8/20/14 16:37","http://n2t.net/ark:/65665/3343bae4d-1507-44de-a20a-eebd17d6359f"
"59818","Specimen/Lot","",4,"Citharichthys arctifrons","Citharichthys arctifrons","Citharichthys arctifrons","","Citharichthys arctifrons : Paralichthyidae : Pleuronectiformes : Actinopterygii : Chordata","","","Pleuronectiformes","Paralichthyidae","","","","","","","","","","","","","",NA,NA,"","","","Grampus","","5133","","","","","","","",0,"","","",NA,"",NA,"",NA,"8/20/14 18:36","http://n2t.net/ark:/65665/3e85e6b3b-810c-4a80-b7e5-c109ee386752"
"44926","Specimen/Lot","",3,"Cololabis saira","Cololabis saira","Cololabis saira","","Cololabis saira : Scomberesocidae : Beloniformes : Actinopterygii : Chordata","","","Beloniformes","Scomberesocidae","","","","","","","","","Asia","Japan","","","Japan.",NA,NA,"","","","Fish Hawk","","","","","","","","","Recd from u.s.f.c. world's fair 1893. presented by imperial comm. japanese govt_original number 145. ""samma""",27757,"","","",NA,"",NA,"",NA,"5/1/19 18:50","http://n2t.net/ark:/65665/3ead25943-bb53-4f3d-8e83-df134a4ba394"
"124953","Specimen/Lot","",3,"Helicolenus dactylopterus","Helicolenus dactylopterus","Helicolenus dactylopterus","","Helicolenus dactylopterus : Sebastidae : Scorpaeniformes : Actinopterygii : Chordata","","","Scorpaeniformes","Sebastidae","Sebastinae","1892-07-10","10 Jul 1892 (1892 Jul 10 - 0000 00 00)","","","","","","","","","","",NA,NA,"","","","Grampus","","5134","United States Bureau of Fisheries (USBF)","","","","","","",163614,"","","",NA,"",NA,"",NA,"8/26/14 19:53","http://n2t.net/ark:/65665/3e21502ea-ce31-45f7-8466-6d215662d741"
"125522","Specimen/Lot","",2,"Zoarces americanus","Zoarces anguillaris","Zoarces anguillaris","","Zoarces anguillaris : Zoarcidae : Perciformes : Actinopterygii : Chordata","","","Perciformes","Zoarcidae","","1893-07-29","29 Jul 1893 (1893 Jul 29 - 0000 00 00)","","","","","","","","","","",NA,NA,"","","","Fish Hawk","","1861","","","","","Alcohol:NHB - ETOH Rm WG-36","","T.t. 606 and 607. bureau fisheries no. 797",NA,"","","",NA,"",NA,"",NA,"8/20/14 18:56","http://n2t.net/ark:/65665/3ecd4e6ac-eb8f-4bc1-809e-c2da1536c4df"
"59819","Specimen/Lot","",2,"Citharichthys arctifrons","Citharichthys arctifrons","Citharichthys arctifrons","","Citharichthys arctifrons : Paralichthyidae : Pleuronectiformes : Actinopterygii : Chordata","","","Pleuronectiformes","Paralichthyidae","","","","","","","","","","","","","",NA,NA,"","","","Grampus","","5130","","","","","","","",0,"","","",NA,"",NA,"",NA,"8/20/14 18:36","http://n2t.net/ark:/65665/3b116d2e4-0d7f-4169-b217-0d65cec79fd5"
"44941","Specimen/Lot","Oversize Jar",1,"Carassius auratus","Carassius auratus","Carassius auratus","","Carassius auratus : Cyprinidae : Cypriniformes : Actinopterygii : Chordata","","","Cypriniformes","Cyprinidae","","","","","","","","","Asia","Japan","","","Japan.",NA,NA,"","","","Fish Hawk","","","","","","",":Oversize Jar:1","","Orig. no. 136. ""Funa"". Presented by the Imperial Commission of the Japanese Government, obtained by the United States Fish Commission at the 1893 World's Fair in Chicago.",27757,"","","",NA,"",NA,"",NA,"8/19/14 16:53","http://n2t.net/ark:/65665/3824578e1-88a7-4ed9-b7b7-e090cd15d04a"
"438640","Specimen/Lot","",1,"Coryphaena hippurus","Coryphaena hippurus","Coryphaena hippurus","","Coryphaena hippurus : Coryphaenidae : Perciformes : Actinopterygii : Chordata","","","Perciformes","Coryphaenidae","","1914-09-01","1-Sep-14","","","","","","","","","","Gulf Stream, 23 miles south Lookout Light Ship",NA,NA,"","","","Fish Hawk","","D8242","","8-ft foot beam trawl","0 to 165","","","","Found in an uncatalogued multi-lot jar. Specimen was separated into one single lot jar. Larval fish.",NA,"","","",NA,"",NA,"",NA,"10/18/16 18:48","http://n2t.net/ark:/65665/3c2f17004-27b3-4058-9c0b-276f6eb35a67"
"44940","Specimen/Lot","",1,"Cyprinus carpio","Cyprinus carpio","Cyprinus carpio","","Cyprinus carpio : Cyprinidae : Cypriniformes : Actinopterygii : Chordata","","","Cypriniformes","Cyprinidae","","","","","","","","","Asia","Japan","","","Japan.",NA,NA,"","","","Fish Hawk","","","","","","",":Tank 01","","Orig. no. 135. ""koi"". Presented by the Imperial Commission of the Japanese Government, obtained by the United States Fish Commission at the 1893 World's Fair in Chicago.",27757,"","","",NA,"",NA,"",NA,"8/19/14 15:34","http://n2t.net/ark:/65665/3ffe8d650-af91-4e20-aa00-549c7f5ed6f2"
"232638","Specimen/Lot","",1,"Sphyrna tiburo","Sphyrna tiburo","Sphyrna tiburo","","Sphyrna tiburo : Sphyrnidae : Carcharhiniformes : Chondrichthyes : Chordata","","","Carcharhiniformes","Sphyrnidae","","1914-08-06","6 Aug 1914 (1914 Aug 06 - 0000 00 00)","","","","","","","","","","No data",NA,NA,"","","Bone Ledger Number : 27629","Fish Hawk","","","","","","","Dry Osteological Specimen::1; Specimen Notes::1","","Formerly Fish Bone Ledger Number 27629. Jaws.",111567,"","","",NA,"",NA,"",NA,"6/22/18 23:18","http://n2t.net/ark:/65665/3a8d557c7-ee25-493a-972d-8cdd0242d0b1"
"392719","Specimen/Lot","",1,"Synagrops japonicus","Synagrops bellus","Synagrops bellus","","Synagrops bellus : Acropomatidae : Perciformes : Actinopterygii : Chordata","","","Perciformes","Acropomatidae","","1914-09-01","1-Sep-14","","","","","","","","","","Gulf Stream, 23 miles south Lookout Light Ship",NA,NA,"","","","Fish Hawk","","D8242","","8-ft foot beam trawl","0 to 165","","","","",NA,"","","",NA,"",NA,"",NA,"8/25/14 17:52","http://n2t.net/ark:/65665/3754bd701-2d65-4d8d-bb8d-4a89bb385b9a"
"126183","Specimen/Lot","",1,"Synagrops japonicus","Synagrops bellus","Synagrops bellus","","Synagrops bellus : Acropomatidae : Perciformes : Actinopterygii : Chordata","","","Perciformes","Acropomatidae","","","","","","","","","","","","","",NA,NA,"","","Original Number : 1601","Fish Hawk","","7331","","","","","","","",163614,"","","",NA,"",NA,"",NA,"8/25/14 18:54","http://n2t.net/ark:/65665/320d86f31-a734-4ba6-8ae5-0a683bbfa5ca"
"44938","Specimen/Lot","Oversize Jar",1,"Pseudaspius hakonensis","Tribolodon hakonensis","Tribolodon hakonensis","Leuciscus hakuensis","Tribolodon hakonensis : Cyprinidae : Cypriniformes : Actinopterygii : Chordata","","","Cypriniformes","Cyprinidae","","","","","","","","","Asia","Japan","","","Japan.",NA,NA,"","","","Fish Hawk","","","","","","",":Oversize Jar:1","","Orig. no. 143. ""ugui"". Presented by the Imperial Commission of the Japanese Government, obtained by the United States Fish Commission at the 1893 World's Fair in Chicago.",27757,"","","",NA,"",NA,"",NA,"8/19/14 16:54","http://n2t.net/ark:/65665/3e07d442e-9d69-4a31-8f15-f9a6353d529f"
"232710","Specimen/Lot","",1,"Amblyraja radiata","Amblyraja radiata","Amblyraja radiata","Raja scabrata","Amblyraja radiata : Rajidae : Rajiformes : Chondrichthyes : Chordata","","","Rajiformes","Rajidae","","","","","","","","","","","","","",NA,NA,"","T.T. 10701","Bone Ledger Number : 27648","Grampus","","10348","","","","","Dry Osteological Specimen::1; Specimen Notes::1","","Formerly Fish Bone Ledger Number 27648. Jaws.",111567,"","","",NA,"",NA,"",NA,"3/28/17 19:44","http://n2t.net/ark:/65665/3a6172d08-9ede-4b6b-8f8e-d35184152e82"
"232711","Specimen/Lot","",1,"Amblyraja radiata","Amblyraja radiata","Amblyraja radiata","Raja scabrata","Amblyraja radiata : Rajidae : Rajiformes : Chondrichthyes : Chordata","","","Rajiformes","Rajidae","","","","","","","","","","","","","",NA,NA,"","T.T. 10703","Bone Ledger Number : 27646","Grampus","","10348","","","","","Dry Osteological Specimen::1; Specimen Notes::1","","Formerly Fish Bone Ledger Number 27646. Jaws.",111567,"","","",NA,"",NA,"",NA,"3/28/17 19:45","http://n2t.net/ark:/65665/3b5ee1d1d-40f4-4de2-920a-f3cfc0d8bb96"
"406740","Specimen/Lot","",1,"Carcharhinus plumbeus","Carcharhinus plumbeus","Carcharhinus plumbeus","Carcharhinus milberti","Carcharhinus plumbeus : Carcharhinidae : Carcharhiniformes : Chondrichthyes : Chordata","","","Carcharhiniformes","Carcharhinidae","","","","","","","","","","","","","No data",NA,NA,"","","Bone Ledger Number : 27635","Grampus","","","United States Bureau of Fisheries (USBF)","","","","Dry Osteological Specimen::1; Specimen Notes::3","","Jaws In Osteo Collecion: separate interior box that only contains label(s).",111567,"","","",NA,"",NA,"",NA,"6/22/18 21:55","http://n2t.net/ark:/65665/37071a339-a225-4409-9d07-18ae43c3e840"
"232713","Specimen/Lot","",1,"Dipturus laevis","Dipturus laevis","Dipturus laevis","Raja laevis","Dipturus laevis : Rajidae : Rajiformes : Chondrichthyes : Chordata","","","Rajiformes","Rajidae","","1915-07-16","16 Jul 1915 (1915 Jul 16 - 0000 00 00)","","","","","","","","","","Pigeon Hill Bay",NA,NA,"Welsh, W. W.","","Bone Ledger Number : 27645","Grampus","","","","","","","Dry Osteological Specimen::1; Specimen Notes::1","","Formerly Fish Bone Ledger Number 27645. Jaws.",111567,"","","",NA,"",NA,"",NA,"3/28/17 19:46","http://n2t.net/ark:/65665/374b59eed-35cc-4fda-a1d9-2f16e6a60053"
"124980","Specimen/Lot","",1,"Etropus rimosus","Etropus rimosus","Etropus rimosus Goode & Bean","","Etropus rimosus Goode & Bean : Paralichthyidae : Pleuronectiformes : Actinopterygii : Chordata","","","Pleuronectiformes","Paralichthyidae","","1892-06-09","9 Jun 1892 (1892 Jun 09 - 0000 00 00)","","","","","","","","","","",NA,NA,"","","U.S.B.F. Number : 1636","Grampus","","5127","United States Bureau of Fisheries (USBF)","","","","","","",163614,"","","",NA,"",NA,"",NA,"10/24/23 20:13","http://n2t.net/ark:/65665/337a4a4b8-a025-4ee2-93cb-20ca7c5027f3"
"272796","Specimen/Lot","",1,"Gadus morhua","Gadus morhua","Gadus morhua","Gadus callarias","Gadus morhua : Gadidae : Gadiformes : Actinopterygii : Chordata","","","Gadiformes","Gadidae","Gadinae","1886","1886 (1886 00 00 - 0000 00 00)","","","","","","","","","","No Data",NA,NA,"","","Bone Ledger Number : 26287","Grampus","","","","","","","Dry Osteological Specimen::1","","Skeleton; Formerly USNM Bone Number 26287.",0,"","","",NA,"",NA,"",NA,"9/15/18 19:08","http://n2t.net/ark:/65665/3f17e7e23-2d60-4f6a-8180-7bd8b8b9d459"
"100436","Specimen/Lot","",1,"Lampanyctus cuprarius","Lampanyctus cuprarius","Lampanyctus cuprarius","","Lampanyctus cuprarius : Myctophidae : Myctophiformes : Actinopterygii : Chordata","","","Myctophiformes","Myctophidae","Lampanyctinae","1914","1914 (1914 00 00 - 0000 00 00)","","","","","","","","","","No data",NA,NA,"","","","Grampus","","","","","","","","","",134687,"","","",NA,"",NA,"",NA,"8/20/14 17:36","http://n2t.net/ark:/65665/3fb3592d2-e0d3-4d7b-a519-45ba8a91f0c9"
"406758","Specimen/Lot","",1,"Leucoraja erinaceus","Leucoraja erinacea","Leucoraja erinacea","Raja erinacea","Leucoraja erinacea : Rajidae : Rajiformes : Chondrichthyes : Chordata","","","Rajiformes","Rajidae","","","","","","","","","","","","","",NA,NA,"","T.T. 10703","Bone Ledger Number : 27647; Tin Tag : 10702","Grampus","","10348","","","","","Dry Osteological Specimen::1; Specimen Notes::1","","According to the Bone Ledger, this specimen was supposedly assigned catalog number USNM 232704. However is was not.",111567,"","","",NA,"",NA,"",NA,"3/28/17 19:53","http://n2t.net/ark:/65665/33a5a16dc-7aaf-4baf-8fcc-880e1122bcc4"
"406756","Specimen/Lot","",1,"Rostroraja eglanteria","Raja eglanteria","Raja eglanteria","","Raja eglanteria : Rajidae : Rajiformes : Chondrichthyes : Chordata","","","Rajiformes","Rajidae","","","","","","","","","","","","","No other data",NA,NA,"","","Bone Ledger Number : 27643; Tin Tag : 10717","Grampus","","","","","","","Dry Osteological Specimen::1; Specimen Notes::1","","According to the Bone Ledger, this specimen was supposedly assigned catalog number USNM 232701. However is was not.",111567,"","","",NA,"",NA,"",NA,"3/28/17 19:52","http://n2t.net/ark:/65665/3504ffdd9-51cb-4f63-a792-5e6b7e2c29f9"
"232633","Specimen/Lot","",1,"Sphyrna zygaena","Sphyrna zygaena","Sphyrna zygaena","","Sphyrna zygaena : Sphyrnidae : Carcharhiniformes : Chondrichthyes : Chordata","","","Carcharhiniformes","Sphyrnidae","","1916-08-03","3 Aug 1916 (1916 Aug 03 - 0000 00 00)","","","","","","","","","","",NA,NA,"","","Bone Ledger Number : 27630","Grampus","","10370","","","","","Dry Osteological Specimen::1","","This specimen is a set of disarticulared upper and lower jaws.",111567,"","","",NA,"",NA,"",NA,"6/22/18 23:17","http://n2t.net/ark:/65665/3ca78f3c8-a74f-4cb6-a5f3-e9e00bb5608b"
"70221","Specimen/Lot","",1,"Syngnathus fuscus","Syngnathus fuscus","Syngnathus fuscus","","Syngnathus fuscus : Syngnathidae : Syngnathiformes : Actinopterygii : Chordata","","","Syngnathiformes","Syngnathidae","Syngnathinae","1892-06-25","25 Jun 1892","","","","","","","","","","",NA,NA,"United States Bureau of Fisheries","","","Grampus","","","","","","","","","Sta. No. 2",51612,"","","",NA,"",NA,"",NA,"8/20/14 19:07","http://n2t.net/ark:/65665/3d83eca03-03b5-4069-a645-d8815f697b0c"
"286785","Specimen/Lot","",1,"Trinectes maculatus","Trinectes maculatus","Trinectes maculatus","","Trinectes maculatus : Achiridae : Pleuronectiformes : Actinopterygii : Chordata","","","Pleuronectiformes","Achiridae","","1917-02-09","9 Feb 1917 (1917 Feb 09 - 0000 00 00)","","","","","","","","","","",NA,NA,"","","","Grampus","","10456","","","8.2 to 9","","","","",0,"","","",NA,"",NA,"",NA,"8/20/14 18:42","http://n2t.net/ark:/65665/373b53ceb-458e-4123-99a4-c2b02822d751"
