"Species","Specimens","Lot #","Pops. (40 km R)","Range (km)","Span (yr)"
"Menidia menidia",37,"59047","9","1612.63","34.0"
"Menidia menidia",25,"335883","","",""
"Menidia menidia",25,"84597","","",""
"Menidia menidia",23,"68135","","",""
"Menidia menidia",20,"84596","","",""
"Menidia menidia",18,"69821","","",""
"Menidia menidia",17,"125455","","",""
"Menidia menidia",13,"90596","","",""
"Menidia menidia",13,"59025","","",""
"Menidia menidia",11,"69701","","",""
"Menidia menidia",10,"59081","","",""
"Menidia menidia",9,"90564","","",""
"Menidia menidia",9,"69697","","",""
"Menidia menidia",7,"90567","","",""
"Menidia menidia",6,"59038","","",""
"Menidia menidia",6,"69699","","",""
"Menidia menidia",5,"70140","","",""
"Menidia menidia",5,"69700","","",""
"Menidia menidia",4,"90566","","",""
"Menidia menidia",4,"116192","","",""
"Menidia menidia",3,"90594","","",""
"Menidia menidia",3,"90568","","",""
"Menidia menidia",3,"120596","","",""
"Menidia menidia",3,"120593","","",""
"Menidia menidia",3,"59034","","",""
"Menidia menidia",3,"69814","","",""
"Menidia menidia",2,"90366","","",""
"Menidia menidia",2,"90367","","",""
"Menidia menidia",2,"90365","","",""
"Menidia menidia",2,"90595","","",""
"Menidia menidia",2,"59052","","",""
"Menidia menidia",2,"117403","","",""
"Menidia menidia",2,"69702","","",""
"Menidia menidia",2,"69703","","",""
"Menidia menidia",2,"69822","","",""
"Menidia menidia",2,"69698","","",""
"Menidia menidia",1,"90364","","",""
"Menidia menidia",1,"120600","","",""
"Menidia menidia",1,"90513","","",""
"Menidia menidia",1,"30380","","",""
"Menidia menidia",1,"90363","","",""
"Menidia menidia",1,"120598","","",""
"Menidia menidia",1,"120594","","",""
"Menidia menidia",1,"120597","","",""
"Menidia menidia",1,"59046","","",""
"Menidia menidia",1,"120595","","",""
"Menidia menidia",1,"70223","","",""
"Menidia menidia",1,"69815","","",""
"Alosa pseudoharengus",100,"129792","7","1222.67","46.0"
"Alosa pseudoharengus",100,"129796","","",""
"Alosa pseudoharengus",74,"90051","","",""
"Alosa pseudoharengus",68,"90044","","",""
"Alosa pseudoharengus",54,"90052","","",""
"Alosa pseudoharengus",49,"90046","","",""
"Alosa pseudoharengus",39,"90078","","",""
"Alosa pseudoharengus",37,"90054","","",""
"Alosa pseudoharengus",37,"90056","","",""
"Alosa pseudoharengus",36,"90119","","",""
"Alosa pseudoharengus",31,"90092","","",""
"Alosa pseudoharengus",28,"90058","","",""
"Alosa pseudoharengus",28,"90076","","",""
"Alosa pseudoharengus",27,"90077","","",""
"Alosa pseudoharengus",27,"90093","","",""
"Alosa pseudoharengus",26,"90057","","",""
"Alosa pseudoharengus",25,"90074","","",""
"Alosa pseudoharengus",25,"90125","","",""
"Alosa pseudoharengus",25,"67882","","",""
"Alosa pseudoharengus",25,"90124","","",""
"Alosa pseudoharengus",25,"129793","","",""
"Alosa pseudoharengus",23,"90068","","",""
"Alosa pseudoharengus",23,"90075","","",""
"Alosa pseudoharengus",23,"90112","","",""
"Alosa pseudoharengus",20,"90115","","",""
"Alosa pseudoharengus",20,"90121","","",""
"Alosa pseudoharengus",19,"90065","","",""
"Alosa pseudoharengus",18,"90043","","",""
"Alosa pseudoharengus",18,"90045","","",""
"Alosa pseudoharengus",18,"90122","","",""
"Alosa pseudoharengus",17,"90049","","",""
"Alosa pseudoharengus",17,"90116","","",""
"Alosa pseudoharengus",16,"90053","","",""
"Alosa pseudoharengus",16,"90061","","",""
"Alosa pseudoharengus",15,"90098","","",""
"Alosa pseudoharengus",15,"90114","","",""
"Alosa pseudoharengus",14,"90079","","",""
"Alosa pseudoharengus",13,"90066","","",""
"Alosa pseudoharengus",12,"90117","","",""
"Alosa pseudoharengus",10,"90080","","",""
"Alosa pseudoharengus",10,"129778","","",""
"Alosa pseudoharengus",9,"90081","","",""
"Alosa pseudoharengus",8,"90073","","",""
"Alosa pseudoharengus",8,"90105","","",""
"Alosa pseudoharengus",8,"90108","","",""
"Alosa pseudoharengus",7,"90055","","",""
"Alosa pseudoharengus",7,"90060","","",""
"Alosa pseudoharengus",6,"90059","","",""
"Alosa pseudoharengus",6,"129795","","",""
"Alosa pseudoharengus",6,"90440","","",""
"Alosa pseudoharengus",5,"90110","","",""
"Alosa pseudoharengus",5,"90539","","",""
"Alosa pseudoharengus",4,"90090","","",""
"Alosa pseudoharengus",4,"90109","","",""
"Alosa pseudoharengus",4,"90131","","",""
"Alosa pseudoharengus",3,"90089","","",""
"Alosa pseudoharengus",3,"90106","","",""
"Alosa pseudoharengus",3,"90113","","",""
"Alosa pseudoharengus",3,"90123","","",""
"Alosa pseudoharengus",3,"90438","","",""
"Alosa pseudoharengus",2,"90088","","",""
"Alosa pseudoharengus",2,"90107","","",""
"Alosa pseudoharengus",2,"90111","","",""
"Alosa pseudoharengus",2,"342313","","",""
"Alosa pseudoharengus",1,"90067","","",""
"Alosa pseudoharengus",1,"90070","","",""
"Alosa pseudoharengus",1,"90071","","",""
"Alosa pseudoharengus",1,"90085","","",""
"Alosa pseudoharengus",1,"90091","","",""
"Alosa pseudoharengus",1,"90094","","",""
"Alosa pseudoharengus",1,"90104","","",""
"Alosa pseudoharengus",1,"90129","","",""
"Alosa pseudoharengus",1,"90130","","",""
"Alosa pseudoharengus",1,"90439","","",""
"Alosa pseudoharengus",1,"90437","","",""
"Alosa pseudoharengus",1,"129786","","",""
"Alosa pseudoharengus",1,"90524","","",""
"Alosa pseudoharengus",1,"90540","","",""
"Alosa pseudoharengus",1,"90536","","",""
"Alosa pseudoharengus",1,"90538","","",""
"Alosa pseudoharengus",1,"90435","","",""
"Alosa pseudoharengus",1,"91384","","",""
"Alosa pseudoharengus",1,"90047","","",""
"Alosa pseudoharengus",1,"90436","","",""
"Alosa pseudoharengus",1,"69723","","",""
"Alosa pseudoharengus",1,"30397","","",""
"Alosa pseudoharengus",1,"30348","","",""
"Alosa pseudoharengus",1,"90537","","",""
"Alosa pseudoharengus",1,"39069","","",""
"Atherinomorus stipes",150,"38457","6","2479.91","35.0"
"Atherinomorus stipes",128,"73827","","",""
"Atherinomorus stipes",105,"38700","","",""
"Atherinomorus stipes",86,"73829","","",""
"Atherinomorus stipes",75,"38456","","",""
"Atherinomorus stipes",50,"37098","","",""
"Atherinomorus stipes",50,"37099","","",""
"Atherinomorus stipes",43,"38458","","",""
"Atherinomorus stipes",29,"37096","","",""
"Atherinomorus stipes",27,"38649","","",""
"Atherinomorus stipes",8,"50121","","",""
"Atherinomorus stipes",7,"91413","","",""
"Atherinomorus stipes",5,"38460","","",""
"Atherinomorus stipes",5,"37112","","",""
"Atherinomorus stipes",4,"63051","","",""
"Atherinomorus stipes",2,"123371","","",""
"Atherinomorus stipes",1,"38459","","",""
"Atherinomorus stipes",1,"37059","","",""
"Alosa aestivalis",100,"90135","5","1107.94","42.0"
"Alosa aestivalis",100,"90142","","",""
"Alosa aestivalis",100,"90202","","",""
"Alosa aestivalis",100,"90192","","",""
"Alosa aestivalis",84,"90203","","",""
"Alosa aestivalis",81,"90223","","",""
"Alosa aestivalis",50,"67721","","",""
"Alosa aestivalis",50,"90214","","",""
"Alosa aestivalis",50,"90143","","",""
"Alosa aestivalis",50,"90217","","",""
"Alosa aestivalis",50,"90221","","",""
"Alosa aestivalis",50,"90201","","",""
"Alosa aestivalis",50,"90218","","",""
"Alosa aestivalis",43,"90155","","",""
"Alosa aestivalis",40,"90200","","",""
"Alosa aestivalis",34,"90204","","",""
"Alosa aestivalis",30,"90216","","",""
"Alosa aestivalis",25,"90222","","",""
"Alosa aestivalis",25,"90163","","",""
"Alosa aestivalis",25,"90161","","",""
"Alosa aestivalis",25,"90134","","",""
"Alosa aestivalis",25,"155973","","",""
"Alosa aestivalis",24,"90144","","",""
"Alosa aestivalis",22,"90151","","",""
"Alosa aestivalis",22,"90190","","",""
"Alosa aestivalis",21,"90212","","",""
"Alosa aestivalis",20,"90149","","",""
"Alosa aestivalis",14,"90152","","",""
"Alosa aestivalis",13,"30393","","",""
"Alosa aestivalis",13,"90141","","",""
"Alosa aestivalis",13,"90182","","",""
"Alosa aestivalis",11,"90206","","",""
"Alosa aestivalis",11,"90166","","",""
"Alosa aestivalis",10,"90147","","",""
"Alosa aestivalis",10,"30349","","",""
"Alosa aestivalis",9,"90215","","",""
"Alosa aestivalis",9,"30362","","",""
"Alosa aestivalis",9,"90213","","",""
"Alosa aestivalis",9,"90207","","",""
"Alosa aestivalis",7,"90153","","",""
"Alosa aestivalis",7,"90136","","",""
"Alosa aestivalis",7,"90150","","",""
"Alosa aestivalis",6,"90194","","",""
"Alosa aestivalis",5,"90211","","",""
"Alosa aestivalis",5,"30387","","",""
"Alosa aestivalis",4,"90146","","",""
"Alosa aestivalis",4,"90219","","",""
"Alosa aestivalis",3,"129762","","",""
"Alosa aestivalis",3,"90210","","",""
"Alosa aestivalis",3,"90205","","",""
"Alosa aestivalis",3,"90209","","",""
"Alosa aestivalis",3,"90139","","",""
"Alosa aestivalis",3,"90148","","",""
"Alosa aestivalis",2,"90185","","",""
"Alosa aestivalis",2,"90186","","",""
"Alosa aestivalis",2,"90160","","",""
"Alosa aestivalis",2,"90170","","",""
"Alosa aestivalis",2,"90191","","",""
"Alosa aestivalis",1,"90138","","",""
"Alosa aestivalis",1,"90167","","",""
"Alosa aestivalis",1,"90168","","",""
"Alosa aestivalis",1,"90183","","",""
"Alosa aestivalis",1,"91385","","",""
"Alosa aestivalis",1,"90220","","",""
"Alosa aestivalis",1,"90189","","",""
"Alosa aestivalis",1,"90184","","",""
"Alosa aestivalis",1,"90164","","",""
"Alosa aestivalis",1,"90169","","",""
"Alosa aestivalis",1,"90193","","",""
"Alosa aestivalis",1,"90208","","",""
"Alosa aestivalis",1,"90145","","",""
"Alosa aestivalis",1,"90156","","",""
"Alosa aestivalis",1,"90158","","",""
"Alosa aestivalis",1,"90159","","",""
"Alosa aestivalis",1,"90162","","",""
"Alosa aestivalis",1,"90157","","",""
"Brevoortia tyrannus",50,"134156","4","972.17","47.0"
"Brevoortia tyrannus",50,"124397","","",""
"Brevoortia tyrannus",50,"67821","","",""
"Brevoortia tyrannus",50,"58810","","",""
"Brevoortia tyrannus",37,"89998","","",""
"Brevoortia tyrannus",29,"134151","","",""
"Brevoortia tyrannus",28,"90022","","",""
"Brevoortia tyrannus",25,"70147","","",""
"Brevoortia tyrannus",25,"59812","","",""
"Brevoortia tyrannus",20,"90029","","",""
"Brevoortia tyrannus",19,"54885","","",""
"Brevoortia tyrannus",19,"69708","","",""
"Brevoortia tyrannus",16,"90015","","",""
"Brevoortia tyrannus",16,"90024","","",""
"Brevoortia tyrannus",15,"54879","","",""
"Brevoortia tyrannus",13,"90018","","",""
"Brevoortia tyrannus",13,"59814","","",""
"Brevoortia tyrannus",12,"90020","","",""
"Brevoortia tyrannus",12,"54880","","",""
"Brevoortia tyrannus",12,"54882","","",""
"Brevoortia tyrannus",11,"90021","","",""
"Brevoortia tyrannus",11,"90026","","",""
"Brevoortia tyrannus",11,"54878","","",""
"Brevoortia tyrannus",11,"58812","","",""
"Brevoortia tyrannus",11,"58813","","",""
"Brevoortia tyrannus",10,"54876","","",""
"Brevoortia tyrannus",9,"89999","","",""
"Brevoortia tyrannus",9,"54877","","",""
"Brevoortia tyrannus",7,"90011","","",""
"Brevoortia tyrannus",7,"90016","","",""
"Brevoortia tyrannus",7,"67883","","",""
"Brevoortia tyrannus",7,"54884","","",""
"Brevoortia tyrannus",7,"134145","","",""
"Brevoortia tyrannus",7,"90039","","",""
"Brevoortia tyrannus",6,"90038","","",""
"Brevoortia tyrannus",5,"90014","","",""
"Brevoortia tyrannus",5,"90035","","",""
"Brevoortia tyrannus",4,"90000","","",""
"Brevoortia tyrannus",4,"90008","","",""
"Brevoortia tyrannus",4,"90019","","",""
"Brevoortia tyrannus",4,"90004","","",""
"Brevoortia tyrannus",3,"90005","","",""
"Brevoortia tyrannus",3,"90017","","",""
"Brevoortia tyrannus",3,"90033","","",""
"Brevoortia tyrannus",3,"90040","","",""
"Brevoortia tyrannus",3,"403969","","",""
"Brevoortia tyrannus",3,"67637","","",""
"Brevoortia tyrannus",2,"30347","","",""
"Brevoortia tyrannus",2,"129760","","",""
"Brevoortia tyrannus",2,"30377","","",""
"Brevoortia tyrannus",2,"67820","","",""
"Brevoortia tyrannus",2,"54883","","",""
"Brevoortia tyrannus",2,"72325","","",""
"Brevoortia tyrannus",1,"90002","","",""
"Brevoortia tyrannus",1,"90009","","",""
"Brevoortia tyrannus",1,"90012","","",""
"Brevoortia tyrannus",1,"90032","","",""
"Brevoortia tyrannus",1,"90042","","",""
"Brevoortia tyrannus",1,"30361","","",""
"Brevoortia tyrannus",1,"30394","","",""
"Brevoortia tyrannus",1,"30369","","",""
"Anchoa mitchilli",50,"127518","4","1864.97","48.0"
"Anchoa mitchilli",39,"90508","","",""
"Anchoa mitchilli",30,"395381","","",""
"Anchoa mitchilli",25,"30343","","",""
"Anchoa mitchilli",25,"90238","","",""
"Anchoa mitchilli",22,"127747","","",""
"Anchoa mitchilli",15,"90264","","",""
"Anchoa mitchilli",15,"54969","","",""
"Anchoa mitchilli",12,"90509","","",""
"Anchoa mitchilli",12,"30386","","",""
"Anchoa mitchilli",12,"90510","","",""
"Anchoa mitchilli",12,"30383","","",""
"Anchoa mitchilli",11,"127710","","",""
"Anchoa mitchilli",10,"30398","","",""
"Anchoa mitchilli",8,"90255","","",""
"Anchoa mitchilli",5,"90493","","",""
"Anchoa mitchilli",5,"90251","","",""
"Anchoa mitchilli",5,"90250","","",""
"Anchoa mitchilli",4,"90342","","",""
"Anchoa mitchilli",3,"90639","","",""
"Anchoa mitchilli",2,"90341","","",""
"Anchoa mitchilli",2,"90495","","",""
"Anchoa mitchilli",2,"54822","","",""
"Anchoa mitchilli",1,"90492","","",""
"Anchoa mitchilli",1,"90491","","",""
"Anchoa mitchilli",1,"30389","","",""
"Anchoa mitchilli",1,"90268","","",""
"Anchoa mitchilli",1,"127705","","",""
"Gonichthys cocco",160,"38191","4","455.92","1.0"
"Gonichthys cocco",61,"43820","","",""
"Gonichthys cocco",35,"43823","","",""
"Gonichthys cocco",22,"92805","","",""
"Gonichthys cocco",21,"43821","","",""
"Gonichthys cocco",13,"43822","","",""
"Gonichthys cocco",2,"43816","","",""
"Gonichthys cocco",1,"487555","","",""
"Gonichthys cocco",1,"487554","","",""
"Gonichthys cocco",1,"487553","","",""
"Gonichthys cocco",1,"487550","","",""
"Gonichthys cocco",1,"487552","","",""
"Gonichthys cocco",1,"487551","","",""
"Jenkinsia stolifera",190,"37106","3","723.47","40.0"
"Jenkinsia stolifera",114,"91412","","",""
"Jenkinsia stolifera",25,"38697","","",""
"Jenkinsia stolifera",5,"37055","","",""
"Jenkinsia stolifera",1,"487581","","",""
"Jenkinsia stolifera",1,"487584","","",""
"Jenkinsia stolifera",1,"487580","","",""
"Jenkinsia stolifera",1,"487579","","",""
"Jenkinsia stolifera",1,"487582","","",""
"Jenkinsia stolifera",1,"487583","","",""
"Jenkinsia lamprotaenia",158,"38465","3","1919.72","15.0"
"Jenkinsia lamprotaenia",25,"68646","","",""
"Jenkinsia lamprotaenia",17,"131593","","",""
"Jenkinsia lamprotaenia",6,"67633","","",""
"Jenkinsia lamprotaenia",5,"50125","","",""
"Jenkinsia lamprotaenia",4,"150114","","",""
"Jenkinsia lamprotaenia",1,"126186","","",""
"Anchoa cayorum",51,"83804","3","1977.62","7.0"
"Anchoa cayorum",41,"54963","","",""
"Anchoa cayorum",35,"54968","","",""
"Anchoa cayorum",24,"37053","","",""
"Anchoa cayorum",23,"37105","","",""
"Anchoa cayorum",10,"54979","","",""
"Anchoa cayorum",10,"69727","","",""
"Syngnathus fuscus",59,"72319","3","771.81","43.0"
"Syngnathus fuscus",54,"132737","","",""
"Syngnathus fuscus",14,"30403","","",""
"Syngnathus fuscus",9,"72317","","",""
"Syngnathus fuscus",6,"72318","","",""
"Syngnathus fuscus",1,"389223","","",""
"Syngnathus fuscus",1,"90086","","",""
"Syngnathus fuscus",1,"132725","","",""
"Syngnathus fuscus",1,"132730","","",""
"Syngnathus fuscus",1,"107756","","",""
"Syngnathus fuscus",1,"91344","","",""
"Syngnathus fuscus",1,"77922","","",""
"Syngnathus fuscus",1,"77923","","",""
"Syngnathus fuscus",1,"77925","","",""
"Syngnathus fuscus",1,"77926","","",""
"Syngnathus fuscus",1,"30402","","",""
"Syngnathus fuscus",1,"399916","","",""
"Syngnathus fuscus",1,"100429","","",""
"Syngnathus fuscus",1,"54967","","",""
"Membras martinica",48,"111564","3","518.34","25.0"
"Membras martinica",36,"69733","","",""
"Membras martinica",24,"59023","","",""
"Membras martinica",14,"90358","","",""
"Membras martinica",14,"69734","","",""
"Membras martinica",12,"125451","","",""
"Membras martinica",2,"69731","","",""
"Membras martinica",2,"69732","","",""
"Monacanthus ciliatus",27,"38691","3","920.78","39.0"
"Monacanthus ciliatus",14,"119758","","",""
"Monacanthus ciliatus",10,"101588","","",""
"Monacanthus ciliatus",8,"72987","","",""
"Monacanthus ciliatus",8,"72988","","",""
"Monacanthus ciliatus",8,"72998","","",""
"Monacanthus ciliatus",7,"72991","","",""
"Monacanthus ciliatus",6,"72996","","",""
"Monacanthus ciliatus",6,"105019","","",""
"Monacanthus ciliatus",4,"105018","","",""
"Monacanthus ciliatus",4,"73204","","",""
"Monacanthus ciliatus",3,"72989","","",""
"Monacanthus ciliatus",3,"73202","","",""
"Monacanthus ciliatus",3,"105017","","",""
"Monacanthus ciliatus",3,"119763","","",""
"Monacanthus ciliatus",3,"119764","","",""
"Monacanthus ciliatus",2,"129860","","",""
"Monacanthus ciliatus",2,"72997","","",""
"Monacanthus ciliatus",2,"119760","","",""
"Monacanthus ciliatus",1,"73000","","",""
"Monacanthus ciliatus",1,"72990","","",""
"Monacanthus ciliatus",1,"73205","","",""
"Monacanthus ciliatus",1,"105016","","",""
"Monacanthus ciliatus",1,"105015","","",""
"Monacanthus ciliatus",1,"119762","","",""
"Monacanthus ciliatus",1,"119765","","",""
"Monacanthus ciliatus",1,"119761","","",""
"Monacanthus ciliatus",1,"73206","","",""
"Monacanthus ciliatus",1,"73210","","",""
"Monacanthus ciliatus",1,"73245","","",""
"Monacanthus ciliatus",1,"73209","","",""
"Monacanthus ciliatus",1,"73211","","",""
"Monacanthus ciliatus",1,"73212","","",""
"Monacanthus ciliatus",1,"73213","","",""
"Monacanthus ciliatus",1,"49718","","",""
"Monacanthus ciliatus",1,"134223","","",""
"Monacanthus ciliatus",1,"38692","","",""
"Monacanthus ciliatus",1,"38694","","",""
"Monacanthus ciliatus",1,"134163","","",""
"Harengula humeralis",25,"38535","3","2733.13","1.0"
"Harengula humeralis",22,"38663","","",""
"Harengula humeralis",15,"37092","","",""
"Harengula humeralis",5,"38600","","",""
"Harengula humeralis",5,"37079","","",""
"Harengula humeralis",4,"38628","","",""
"Stephanolepis hispida",22,"106253","3","986.28","24.0"
"Stephanolepis hispida",14,"105722","","",""
"Stephanolepis hispida",13,"120610","","",""
"Stephanolepis hispida",7,"105720","","",""
"Stephanolepis hispida",4,"106320","","",""
"Stephanolepis hispida",4,"120607","","",""
"Stephanolepis hispida",2,"105712","","",""
"Stephanolepis hispida",2,"105859","","",""
"Stephanolepis hispida",2,"120608","","",""
"Stephanolepis hispida",2,"106291","","",""
"Stephanolepis hispida",1,"106318","","",""
"Stephanolepis hispida",1,"106319","","",""
"Stephanolepis hispida",1,"120609","","",""
"Gambusia affinis",246,"126821","2","850.52","1.0"
"Gambusia affinis",25,"126779","","",""
"Gambusia affinis",10,"124619","","",""
"Fundulus similis",40,"130820","2","376.67","14.0"
"Fundulus similis",39,"67686","","",""
"Fundulus similis",30,"84018","","",""
"Fundulus similis",30,"132226","","",""
"Fundulus similis",20,"84019","","",""
"Fundulus similis",20,"109887","","",""
"Fundulus similis",15,"84020","","",""
"Fundulus similis",10,"129896","","",""
"Fundulus similis",6,"83848","","",""
"Fundulus similis",5,"85474","","",""
"Fundulus similis",5,"84021","","",""
"Fundulus similis",2,"131617","","",""
"Exocoetus volitans",55,"94720","2","400.51","30.0"
"Exocoetus volitans",29,"299576","","",""
"Exocoetus volitans",20,"299568","","",""
"Exocoetus volitans",16,"299582","","",""
"Exocoetus volitans",15,"299585","","",""
"Exocoetus volitans",11,"299572","","",""
"Exocoetus volitans",10,"299579","","",""
"Exocoetus volitans",9,"299578","","",""
"Exocoetus volitans",8,"299590","","",""
"Exocoetus volitans",6,"299586","","",""
"Exocoetus volitans",5,"299588","","",""
"Exocoetus volitans",5,"299570","","",""
"Exocoetus volitans",4,"299583","","",""
"Exocoetus volitans",4,"299573","","",""
"Exocoetus volitans",3,"299571","","",""
"Exocoetus volitans",3,"299580","","",""
"Exocoetus volitans",3,"299577","","",""
"Exocoetus volitans",2,"299569","","",""
"Exocoetus volitans",1,"106421","","",""
"Exocoetus volitans",1,"106422","","",""
"Exocoetus volitans",1,"106423","","",""
"Exocoetus volitans",1,"106424","","",""
"Exocoetus volitans",1,"299581","","",""
"Exocoetus volitans",1,"116701","","",""
"Exocoetus volitans",1,"299574","","",""
"Exocoetus volitans",1,"299587","","",""
"Exocoetus volitans",1,"299575","","",""
"Exocoetus volitans",1,"299584","","",""
"Anchoa colonensis",100,"134058","2","905.55","0.0"
"Anchoa colonensis",56,"131288","","",""
"Anchoa colonensis",53,"83803","","",""
"Anchoa colonensis",1,"123223","","",""
"Fenestraja plutonia",50,"395426","2","665.23","1.0"
"Fenestraja plutonia",47,"395427","","",""
"Fenestraja plutonia",42,"148299","","",""
"Fenestraja plutonia",39,"148302","","",""
"Fenestraja plutonia",2,"123631","","",""
"Fenestraja plutonia",1,"487570","","",""
"Fenestraja plutonia",1,"487571","","",""
"Fenestraja plutonia",1,"487572","","",""
"Citharichthys arctifrons",23,"26129","2","551.68","19.0"
"Citharichthys arctifrons",20,"59817","","",""
"Citharichthys arctifrons",16,"45620","","",""
"Citharichthys arctifrons",15,"33541","","",""
"Citharichthys arctifrons",14,"26127","","",""
"Citharichthys arctifrons",14,"45626","","",""
"Citharichthys arctifrons",14,"35678","","",""
"Citharichthys arctifrons",8,"35676","","",""
"Citharichthys arctifrons",7,"35675","","",""
"Citharichthys arctifrons",6,"35677","","",""
"Citharichthys arctifrons",6,"35674","","",""
"Citharichthys arctifrons",6,"45613","","",""
"Citharichthys arctifrons",4,"26100","","",""
"Citharichthys arctifrons",4,"45627","","",""
"Citharichthys arctifrons",3,"45618","","",""
"Citharichthys arctifrons",3,"35474","","",""
"Citharichthys arctifrons",2,"33349","","",""
"Citharichthys arctifrons",2,"45617","","",""
"Citharichthys arctifrons",2,"35679","","",""
"Citharichthys arctifrons",1,"45628","","",""
"Citharichthys arctifrons",1,"45630","","",""
"Atherina harringtonensis",34,"37094","2","1567.76","0.0"
"Atherina harringtonensis",32,"37095","","",""
"Atherina harringtonensis",28,"92615","","",""
"Atherina harringtonensis",12,"37097","","",""
"Clupea harengus",50,"143806","2","915.36","0.0"
"Clupea harengus",50,"155974","","",""
"Fundulus heteroclitus",29,"67684","2","551.86","13.0"
"Fundulus heteroclitus",25,"67685","","",""
"Fundulus heteroclitus",20,"59045","","",""
"Fundulus heteroclitus",12,"84026","","",""
"Fundulus heteroclitus",2,"59027","","",""
"Gobiosoma ginsburgi",50,"350463","2","523.44","5.0"
"Gobiosoma ginsburgi",21,"116655","","",""
"Gobiosoma ginsburgi",10,"350212","","",""
"Gobiosoma ginsburgi",2,"91132","","",""
"Gobiosoma ginsburgi",1,"91131","","",""
"Gobiosoma ginsburgi",1,"91133","","",""
"Myctophum affine",60,"92808","2","379.48","0.0"
"Myctophum affine",21,"92804","","",""
"Melanostigma atlanticum",31,"391335","2","222.04","7.0"
"Melanostigma atlanticum",13,"408669","","",""
"Melanostigma atlanticum",9,"391392","","",""
"Melanostigma atlanticum",7,"391394","","",""
"Melanostigma atlanticum",5,"388285","","",""
"Melanostigma atlanticum",4,"391389","","",""
"Melanostigma atlanticum",3,"391336","","",""
"Melanostigma atlanticum",1,"391393","","",""
"Chloroscombrus chrysurus",46,"90787","2","1209.3","34.0"
"Chloroscombrus chrysurus",25,"438507","","",""
"Syacium papillosum",27,"236125","2","398.63","0.0"
"Syacium papillosum",21,"156227","","",""
"Syacium papillosum",12,"156345","","",""
"Syacium papillosum",11,"126500","","",""
"Pseudopleuronectes americanus",12,"91271","2","619.33","24.0"
"Pseudopleuronectes americanus",11,"91270","","",""
"Pseudopleuronectes americanus",9,"91269","","",""
"Pseudopleuronectes americanus",6,"91272","","",""
"Pseudopleuronectes americanus",3,"286377","","",""
"Pseudopleuronectes americanus",3,"120657","","",""
"Pseudopleuronectes americanus",3,"120655","","",""
"Pseudopleuronectes americanus",2,"49622","","",""
"Pseudopleuronectes americanus",2,"91268","","",""
"Pseudopleuronectes americanus",2,"67626","","",""
"Pseudopleuronectes americanus",2,"91267","","",""
"Pseudopleuronectes americanus",2,"120654","","",""
"Pseudopleuronectes americanus",2,"120656","","",""
"Pseudopleuronectes americanus",2,"54864","","",""
"Pseudopleuronectes americanus",1,"156098","","",""
"Pseudopleuronectes americanus",1,"54843","","",""
"Pseudopleuronectes americanus",1,"49248","","",""
"Lycenchelys verrillii",18,"45930","2","617.4","6.0"
"Lycenchelys verrillii",16,"45935","","",""
"Lycenchelys verrillii",4,"28894","","",""
"Lycenchelys verrillii",3,"26180","","",""
"Lycenchelys verrillii",3,"28736","","",""
"Lycenchelys verrillii",3,"28886","","",""
"Lycenchelys verrillii",2,"26082","","",""
"Lycenchelys verrillii",2,"28842","","",""
"Lycenchelys verrillii",2,"28919","","",""
"Lycenchelys verrillii",2,"45928","","",""
"Lycenchelys verrillii",1,"26096","","",""
"Lycenchelys verrillii",1,"28923","","",""
"Lycenchelys verrillii",1,"132210","","",""
"Lycenchelys verrillii",1,"35462","","",""
"Lycenchelys verrillii",1,"84544","","",""
"Sparisoma radians",11,"73796","2","167.03","0.0"
"Sparisoma radians",11,"126144","","",""
"Sparisoma radians",10,"73794","","",""
"Sparisoma radians",8,"50155","","",""
"Sparisoma radians",5,"63041","","",""
"Sparisoma radians",4,"73797","","",""
"Sparisoma radians",4,"73791","","",""
"Sparisoma radians",2,"73793","","",""
"Sparisoma radians",1,"73792","","",""
"Sparisoma radians",1,"73790","","",""
"Sparisoma radians",1,"73795","","",""
"Brevoortia patronus",20,"134126","2","373.66","0.0"
"Brevoortia patronus",17,"124398","","",""
"Brevoortia patronus",15,"134128","","",""
"Haemulon aurolineatum",30,"83800","2","1146.51","0.0"
"Haemulon aurolineatum",15,"101548","","",""
"Haemulon aurolineatum",5,"133793","","",""
"Haemulon aurolineatum",2,"134171","","",""
"Stellifer lanceolatus",750,"142782","1","0","0.0"
"Poecilia vivipara",220,"73831","1","18.72","0.0"
"Poecilia vivipara",13,"126130","","",""
"Poecilia vivipara",10,"50154","","",""
"Poecilia vivipara",6,"63048","","",""
"Poecilia vivipara",5,"63066","","",""
"Centropristis striata",65,"70139","1","29.12","7.0"
"Centropristis striata",61,"142818","","",""
"Centropristis striata",13,"54857","","",""
"Centropristis striata",11,"54833","","",""
"Centropristis striata",8,"67604","","",""
"Centropristis striata",5,"54834","","",""
"Centropristis striata",5,"120553","","",""
"Centropristis striata",4,"120555","","",""
"Centropristis striata",1,"54832","","",""
"Centropristis striata",1,"120554","","",""
"Glyptocephalus cynoglossus",28,"26018","1","249.43","6.0"
"Glyptocephalus cynoglossus",9,"45529","","",""
"Glyptocephalus cynoglossus",8,"45527","","",""
"Glyptocephalus cynoglossus",6,"28949","","",""
"Glyptocephalus cynoglossus",5,"26113","","",""
"Glyptocephalus cynoglossus",4,"33554","","",""
"Glyptocephalus cynoglossus",3,"28810","","",""
"Glyptocephalus cynoglossus",3,"28782","","",""
"Glyptocephalus cynoglossus",3,"45518","","",""
"Glyptocephalus cynoglossus",3,"33529","","",""
"Glyptocephalus cynoglossus",2,"33358","","",""
"Glyptocephalus cynoglossus",2,"28785","","",""
"Glyptocephalus cynoglossus",2,"31772","","",""
"Glyptocephalus cynoglossus",2,"28845","","",""
"Glyptocephalus cynoglossus",2,"45521","","",""
"Glyptocephalus cynoglossus",2,"45519","","",""
"Glyptocephalus cynoglossus",2,"45514","","",""
"Glyptocephalus cynoglossus",2,"35460","","",""
"Glyptocephalus cynoglossus",2,"35449","","",""
"Glyptocephalus cynoglossus",2,"35484","","",""
"Glyptocephalus cynoglossus",2,"33587","","",""
"Glyptocephalus cynoglossus",2,"35410","","",""
"Glyptocephalus cynoglossus",1,"26068","","",""
"Glyptocephalus cynoglossus",1,"28713","","",""
"Glyptocephalus cynoglossus",1,"31615","","",""
"Glyptocephalus cynoglossus",1,"31616","","",""
"Glyptocephalus cynoglossus",1,"31622","","",""
"Glyptocephalus cynoglossus",1,"31674","","",""
"Glyptocephalus cynoglossus",1,"31845","","",""
"Glyptocephalus cynoglossus",1,"28910","","",""
"Glyptocephalus cynoglossus",1,"28915","","",""
"Glyptocephalus cynoglossus",1,"28735","","",""
"Glyptocephalus cynoglossus",1,"28918","","",""
"Glyptocephalus cynoglossus",1,"31869","","",""
"Glyptocephalus cynoglossus",1,"26067","","",""
"Glyptocephalus cynoglossus",1,"31698","","",""
"Glyptocephalus cynoglossus",1,"31690","","",""
"Glyptocephalus cynoglossus",1,"31694","","",""
"Glyptocephalus cynoglossus",1,"31697","","",""
"Glyptocephalus cynoglossus",1,"31696","","",""
"Glyptocephalus cynoglossus",1,"31675","","",""
"Glyptocephalus cynoglossus",1,"31850","","",""
"Glyptocephalus cynoglossus",1,"134173","","",""
"Glyptocephalus cynoglossus",1,"134005","","",""
"Glyptocephalus cynoglossus",1,"35510","","",""
"Glyptocephalus cynoglossus",1,"45523","","",""
"Glyptocephalus cynoglossus",1,"39487","","",""
"Glyptocephalus cynoglossus",1,"45631","","",""
"Glyptocephalus cynoglossus",1,"45522","","",""
"Glyptocephalus cynoglossus",1,"44255","","",""
"Glyptocephalus cynoglossus",1,"33021","","",""
"Glyptocephalus cynoglossus",1,"38069","","",""
"Glyptocephalus cynoglossus",1,"35549","","",""
"Glyptocephalus cynoglossus",1,"33530","","",""
"Glyptocephalus cynoglossus",1,"33017","","",""
"Glyptocephalus cynoglossus",1,"35668","","",""
"Glyptocephalus cynoglossus",1,"35667","","",""
"Glyptocephalus cynoglossus",1,"33020","","",""
"Glyptocephalus cynoglossus",1,"33018","","",""
"Glyptocephalus cynoglossus",1,"35550","","",""
"Glyptocephalus cynoglossus",1,"33531","","",""
"Decapterus punctatus",84,"106056","1","93.43","29.0"
"Decapterus punctatus",19,"105446","","",""
"Decapterus punctatus",15,"105445","","",""
"Decapterus punctatus",5,"83768","","",""
"Decapterus punctatus",1,"105443","","",""
"Decapterus punctatus",1,"101575","","",""
"Laemonema barbatulum",51,"132207","1","21.08","1.0"
"Laemonema barbatulum",24,"131941","","",""
"Laemonema barbatulum",17,"84477","","",""
"Laemonema barbatulum",12,"143085","","",""
"Laemonema barbatulum",1,"84546","","",""
"Laemonema barbatulum",1,"205134","","",""
"Ammodytes dubius",85,"67636","1","0","0.0"
"Ammodytes dubius",5,"126459","","",""
"Tautogolabrus adspersus",30,"100299","1","29.33","7.0"
"Tautogolabrus adspersus",17,"70130","","",""
"Tautogolabrus adspersus",11,"67625","","",""
"Tautogolabrus adspersus",4,"54825","","",""
"Tautogolabrus adspersus",4,"125000","","",""
"Tautogolabrus adspersus",2,"54856","","",""
"Tautogolabrus adspersus",2,"54826","","",""
"Tautogolabrus adspersus",2,"54827","","",""
"Tautogolabrus adspersus",2,"54828","","",""
"Tautogolabrus adspersus",2,"120694","","",""
"Tautogolabrus adspersus",2,"120693","","",""
"Tautogolabrus adspersus",1,"120678","","",""
"Tautogolabrus adspersus",1,"120679","","",""
"Tautogolabrus adspersus",1,"120692","","",""
"Tautogolabrus adspersus",1,"120695","","",""
"Tautogolabrus adspersus",1,"120696","","",""
"Tautogolabrus adspersus",1,"120697","","",""
"Tautogolabrus adspersus",1,"49629","","",""
"Lagodon rhomboides",80,"118914","1","0","0.0"
"Lagodon rhomboides",1,"118915","","",""
"Nezumia bairdii",9,"26193","1","138.48","7.0"
"Nezumia bairdii",6,"26062","","",""
"Nezumia bairdii",6,"33513","","",""
"Nezumia bairdii",6,"35427","","",""
"Nezumia bairdii",4,"35434","","",""
"Nezumia bairdii",4,"45778","","",""
"Nezumia bairdii",4,"92828","","",""
"Nezumia bairdii",3,"26166","","",""
"Nezumia bairdii",3,"28892","","",""
"Nezumia bairdii",3,"45743","","",""
"Nezumia bairdii",3,"45703","","",""
"Nezumia bairdii",2,"31643","","",""
"Nezumia bairdii",2,"31855","","",""
"Nezumia bairdii",2,"28909","","",""
"Nezumia bairdii",2,"45712","","",""
"Nezumia bairdii",2,"45731","","",""
"Nezumia bairdii",1,"26187","","",""
"Nezumia bairdii",1,"28913","","",""
"Nezumia bairdii",1,"31646","","",""
"Nezumia bairdii",1,"31880","","",""
"Nezumia bairdii",1,"26198","","",""
"Nezumia bairdii",1,"31657","","",""
"Nezumia bairdii",1,"28903","","",""
"Nezumia bairdii",1,"28739","","",""
"Nezumia bairdii",1,"45780","","",""
"Nezumia bairdii",1,"45708","","",""
"Nezumia bairdii",1,"134004","","",""
"Nezumia bairdii",1,"39231","","",""
"Nezumia bairdii",1,"33008","","",""
"Nezumia bairdii",1,"35598","","",""
"Nezumia bairdii",1,"35435","","",""
"Nezumia bairdii",1,"33037","","",""
"Nezumia bairdii",1,"33006","","",""
"Etropus crossotus",60,"156238","1","0","0.0"
"Etropus crossotus",7,"156018","","",""
"Mullus auratus",46,"91451","1","23.1","2.0"
"Mullus auratus",20,"126796","","",""
"Mullus auratus",1,"466260","","",""
"Phycis chesteri",44,"25903","1","33.39","0.0"
"Phycis chesteri",17,"25904","","",""
"Phycis chesteri",1,"441821","","",""
"Menidia peninsulae",34,"58972","1","19.55","13.0"
"Menidia peninsulae",15,"84039","","",""
"Menidia peninsulae",9,"83843","","",""
"Menidia peninsulae",1,"67676","","",""
"Eucinostomus argenteus",49,"201425","1","0","0.0"
"Eucinostomus argenteus",9,"143087","","",""
"Cyclopterus lumpus",53,"131969","1","0","0.0"
"Dibranchus atlanticus",8,"84543","1","191.88","4.0"
"Dibranchus atlanticus",7,"28727","","",""
"Dibranchus atlanticus",6,"83876","","",""
"Dibranchus atlanticus",3,"31582","","",""
"Dibranchus atlanticus",3,"45641","","",""
"Dibranchus atlanticus",2,"28836","","",""
"Dibranchus atlanticus",2,"45640","","",""
"Dibranchus atlanticus",2,"33515","","",""
"Dibranchus atlanticus",2,"45639","","",""
"Dibranchus atlanticus",2,"35564","","",""
"Dibranchus atlanticus",1,"28801","","",""
"Dibranchus atlanticus",1,"28898","","",""
"Dibranchus atlanticus",1,"28907","","",""
"Dibranchus atlanticus",1,"31584","","",""
"Dibranchus atlanticus",1,"31664","","",""
"Dibranchus atlanticus",1,"31765","","",""
"Dibranchus atlanticus",1,"31881","","",""
"Dibranchus atlanticus",1,"31877","","",""
"Dibranchus atlanticus",1,"31601","","",""
"Dibranchus atlanticus",1,"45655","","",""
"Dibranchus atlanticus",1,"35403","","",""
"Dibranchus atlanticus",1,"35448","","",""
"Centrobranchus nigroocellatus",44,"100610","1","0","0.0"
"Cetengraulis edentulus",35,"117673","1","0","0.0"
"Cetengraulis edentulus",4,"132212","","",""
"Citharichthys gymnorhinus",23,"45610","1","2.99","0.0"
"Citharichthys gymnorhinus",12,"397311","","",""
"Citharichthys gymnorhinus",2,"129946","","",""
"Citharichthys gymnorhinus",1,"143120","","",""
"Chromis enchrysurus",24,"134277","1","0","0.0"
"Chromis enchrysurus",10,"47695","","",""
"Chromis enchrysurus",3,"44157","","",""
"Lutjanus synagris",15,"38673","1","11.66","30.0"
"Lutjanus synagris",12,"36922","","",""
"Lutjanus synagris",3,"83817","","",""
"Lutjanus synagris",2,"120525","","",""
"Lutjanus synagris",2,"133982","","",""
"Lutjanus synagris",1,"75524","","",""
"Lutjanus synagris",1,"73026","","",""
"Malacoraja senta",4,"28747","1","213.44","6.0"
"Malacoraja senta",4,"28973","","",""
"Malacoraja senta",3,"28921","","",""
"Malacoraja senta",2,"26177","","",""
"Malacoraja senta",2,"28788","","",""
"Malacoraja senta",2,"28803","","",""
"Malacoraja senta",2,"33525","","",""
"Malacoraja senta",1,"26006","","",""
"Malacoraja senta",1,"26201","","",""
"Malacoraja senta",1,"28770","","",""
"Malacoraja senta",1,"28781","","",""
"Malacoraja senta",1,"28808","","",""
"Malacoraja senta",1,"28828","","",""
"Malacoraja senta",1,"28937","","",""
"Malacoraja senta",1,"28946","","",""
"Malacoraja senta",1,"31589","","",""
"Malacoraja senta",1,"31606","","",""
"Malacoraja senta",1,"31621","","",""
"Malacoraja senta",1,"31882","","",""
"Malacoraja senta",1,"148309","","",""
"Malacoraja senta",1,"33536","","",""
"Malacoraja senta",1,"148283","","",""
"Malacoraja senta",1,"148284","","",""
"Malacoraja senta",1,"148285","","",""
"Paralichthys dentatus",10,"91250","1","78.55","29.0"
"Paralichthys dentatus",7,"91251","","",""
"Paralichthys dentatus",4,"91264","","",""
"Paralichthys dentatus",3,"91248","","",""
"Paralichthys dentatus",3,"54956","","",""
"Paralichthys dentatus",2,"67747","","",""
"Paralichthys dentatus",2,"157630","","",""
"Paralichthys dentatus",2,"54952","","",""
"Paralichthys dentatus",1,"54940","","",""
"Paralichthys dentatus",1,"54955","","",""
"Paralichthys dentatus",1,"54965","","",""
"Floridichthys carpio",10,"130819","1","0","0.0"
"Floridichthys carpio",10,"84014","","",""
"Floridichthys carpio",6,"93855","","",""
"Floridichthys carpio",4,"129898","","",""
"Floridichthys carpio",3,"84015","","",""
"Histrio histrio",33,"83863","1","0","0.0"
"Liparis atlanticus",33,"133824","1","0","0.0"
"Acanthurus bahianus",24,"73821","1","0","0.0"
"Acanthurus bahianus",5,"50196","","",""
"Acanthurus bahianus",2,"63064","","",""
"Acanthurus bahianus",1,"50141","","",""
"Alosa sapidissima",8,"69740","1","0","22.0"
"Alosa sapidissima",8,"129747","","",""
"Alosa sapidissima",6,"69738","","",""
"Alosa sapidissima",5,"67689","","",""
"Alosa sapidissima",4,"69739","","",""
"Eucinostomus gula",31,"38669","1","0","0.0"
"Anchoa hepsetus",30,"105340","1","0","0.0"
"Cynoscion nothus",30,"142662","1","0","0.0"
"Poecilia latipinna",30,"126785","1","0","0.0"
"Cynoscion regalis",10,"142535","1","0","0.0"
"Cynoscion regalis",10,"142533","","",""
"Cynoscion regalis",7,"142532","","",""
"Cynoscion regalis",1,"142531","","",""
"Anchoa lyolepis",12,"127626","1","1.31","0.0"
"Anchoa lyolepis",10,"127624","","",""
"Anchoa lyolepis",5,"50221","","",""
"Fundulus majalis",7,"54971","1","49.68","0.0"
"Fundulus majalis",6,"125682","","",""
"Fundulus majalis",4,"54961","","",""
"Fundulus majalis",3,"54976","","",""
"Fundulus majalis",3,"54982","","",""
"Fundulus majalis",2,"69712","","",""
"Fundulus majalis",1,"54960","","",""
"Fundulus majalis",1,"69713","","",""
"Opisthonema oglinum",16,"73764","1","46.94","0.0"
"Opisthonema oglinum",7,"73769","","",""
"Opisthonema oglinum",2,"63059","","",""
"Opisthonema oglinum",1,"73765","","",""
"Opisthonema oglinum",1,"73768","","",""
"Strongylura marina",17,"69820","1","0","0.0"
"Strongylura marina",5,"291467","","",""
"Strongylura marina",5,"125475","","",""
"Chlorophthalmus agassizi",21,"43826","1","36.37","0.0"
"Chlorophthalmus agassizi",3,"43852","","",""
"Chlorophthalmus agassizi",2,"41600","","",""
"Coelorinchus carminatus",4,"28891","1","136.51","5.0"
"Coelorinchus carminatus",3,"26189","","",""
"Coelorinchus carminatus",3,"33512","","",""
"Coelorinchus carminatus",3,"33543","","",""
"Coelorinchus carminatus",3,"35476","","",""
"Coelorinchus carminatus",2,"26197","","",""
"Coelorinchus carminatus",2,"134174","","",""
"Coelorinchus carminatus",2,"436681","","",""
"Coelorinchus carminatus",1,"26188","","",""
"Coelorinchus carminatus",1,"31775","","",""
"Coelorinchus carminatus",1,"31868","","",""
"Coelorinchus carminatus",1,"45694","","",""
"Haemulon plumierii",17,"130822","1","2.71","28.0"
"Haemulon plumierii",3,"120505","","",""
"Haemulon plumierii",3,"38672","","",""
"Haemulon plumierii",1,"131506","","",""
"Haemulon plumierii",1,"83799","","",""
"Haemulon plumierii",1,"38714","","",""
"Stenotomus caprinus",16,"143825","1","24.94","11.0"
"Stenotomus caprinus",10,"126766","","",""
"Heterandria formosa",21,"126823","1","2.6","1.0"
"Heterandria formosa",4,"124620","","",""
"Ahlia egmontis",24,"91408","1","0","0.0"
"Haemulon flavolineatum",19,"37086","1","33.92","0.0"
"Haemulon flavolineatum",5,"37087","","",""
"Paralepis coregonoides",24,"196079","1","0","0.0"
"Stenotomus chrysops",10,"54901","1","29.33","17.0"
"Stenotomus chrysops",5,"31638","","",""
"Stenotomus chrysops",2,"54829","","",""
"Stenotomus chrysops",2,"120673","","",""
"Stenotomus chrysops",1,"70119","","",""
"Stenotomus chrysops",1,"54824","","",""
"Stenotomus chrysops",1,"120674","","",""
"Stenotomus chrysops",1,"120672","","",""
"Stenotomus chrysops",1,"120671","","",""
"Acanthurus chirurgus",12,"73826","1","62.68","0.0"
"Acanthurus chirurgus",4,"50214","","",""
"Acanthurus chirurgus",3,"73823","","",""
"Acanthurus chirurgus",1,"63063","","",""
"Acanthurus chirurgus",1,"63065","","",""
"Acanthurus chirurgus",1,"63662","","",""
"Apogon pseudomaculatus",13,"39151","1","30","0.0"
"Apogon pseudomaculatus",6,"131579","","",""
"Apogon pseudomaculatus",3,"101567","","",""
"Dorosoma cepedianum",21,"129834","1","0","5.0"
"Dorosoma cepedianum",1,"129835","","",""
"Monolene sessilicauda",17,"26121","1","61.14","19.0"
"Monolene sessilicauda",1,"120626","","",""
"Monolene sessilicauda",1,"26099","","",""
"Monolene sessilicauda",1,"26120","","",""
"Monolene sessilicauda",1,"45670","","",""
"Monolene sessilicauda",1,"33575","","",""
"Sphoeroides maculatus",7,"120669","1","46.57","7.0"
"Sphoeroides maculatus",6,"54852","","",""
"Sphoeroides maculatus",2,"54853","","",""
"Sphoeroides maculatus",1,"120665","","",""
"Sphoeroides maculatus",1,"120668","","",""
"Sphoeroides maculatus",1,"120664","","",""
"Sphoeroides maculatus",1,"54851","","",""
"Sphoeroides maculatus",1,"120666","","",""
"Sphoeroides maculatus",1,"120667","","",""
"Trinectes maculatus",12,"156015","1","0","0.0"
"Trinectes maculatus",5,"156458","","",""
"Trinectes maculatus",4,"286794","","",""
"Conodon nobilis",17,"143171","1","0","0.0"
"Conodon nobilis",3,"38579","","",""
"Dajaus monticola",20,"73742","1","0","0.0"
"Harengula clupeola",20,"38664","1","0","UNDATED"
"Sebastes norvegicus",20,"184968","1","0","0.0"
"Merluccius albidus",3,"157755","1","91.25","5.0"
"Merluccius albidus",2,"31842","","",""
"Merluccius albidus",2,"31863","","",""
"Merluccius albidus",2,"157756","","",""
"Merluccius albidus",2,"45964","","",""
"Merluccius albidus",1,"26190","","",""
"Merluccius albidus",1,"31844","","",""
"Merluccius albidus",1,"31686","","",""
"Merluccius albidus",1,"31677","","",""
"Merluccius albidus",1,"44264","","",""
"Myoxocephalus octodecemspinosus",7,"120624","1","0","UNDATED"
"Ancylopsetta dilecta",1,"45597","1","4.03","0.0"
"Ancylopsetta dilecta",1,"45595","","",""
"Ancylopsetta dilecta",1,"45596","","",""
