"Species","Common Name","Total Pops","Range (km)","Span (yr)"
"Menidia menidia","","9","1612.63","34.0"
"Alosa pseudoharengus","","7","1222.67","46.0"
"Atherinomorus stipes","","6","2479.91","35.0"
"Alosa aestivalis","","5","1107.94","42.0"
"Brevoortia tyrannus","","4","972.17","47.0"
"Anchoa mitchilli","","4","1864.97","48.0"
"Gonichthys cocco","","4","455.92","1.0"
"Jenkinsia stolifera","","3","723.47","40.0"
"Jenkinsia lamprotaenia","","3","1919.72","15.0"
"Anchoa cayorum","","3","1977.62","7.0"
"Syngnathus fuscus","","3","771.81","43.0"
"Membras martinica","","3","518.34","25.0"
"Monacanthus ciliatus","","3","920.78","39.0"
"Harengula humeralis","","3","2733.13","1.0"
"Stephanolepis hispida","","3","986.28","24.0"
"Gambusia affinis","","2","850.52","1.0"
"Fundulus similis","","2","376.67","14.0"
"Exocoetus volitans","","2","400.51","30.0"
"Anchoa colonensis","","2","905.55","0.0"
"Fenestraja plutonia","","2","665.23","1.0"
"Citharichthys arctifrons","","2","551.68","19.0"
"Atherina harringtonensis","","2","1567.76","0.0"
"Clupea harengus","","2","915.36","0.0"
"Fundulus heteroclitus","","2","551.86","13.0"
"Gobiosoma ginsburgi","","2","523.44","5.0"
"Myctophum affine","","2","379.48","0.0"
"Melanostigma atlanticum","","2","222.04","7.0"
"Chloroscombrus chrysurus","","2","1209.3","34.0"
"Syacium papillosum","","2","398.63","0.0"
"Pseudopleuronectes americanus","","2","619.33","24.0"
"Lycenchelys verrillii","","2","617.4","6.0"
"Sparisoma radians","","2","167.03","0.0"
"Brevoortia patronus","","2","373.66","0.0"
"Haemulon aurolineatum","","2","1146.51","0.0"
"Stellifer lanceolatus","","1","0","0.0"
"Poecilia vivipara","","1","18.72","0.0"
"Centropristis striata","","1","29.12","7.0"
"Glyptocephalus cynoglossus","","1","249.43","6.0"
"Decapterus punctatus","","1","93.43","29.0"
"Laemonema barbatulum","","1","21.08","1.0"
"Ammodytes dubius","","1","0","0.0"
"Tautogolabrus adspersus","","1","29.33","7.0"
"Lagodon rhomboides","","1","0","0.0"
"Nezumia bairdii","","1","138.48","7.0"
"Etropus crossotus","","1","0","0.0"
"Mullus auratus","","1","23.1","2.0"
"Phycis chesteri","","1","33.39","0.0"
"Menidia peninsulae","","1","19.55","13.0"
"Eucinostomus argenteus","","1","0","0.0"
"Cyclopterus lumpus","","1","0","0.0"
"Dibranchus atlanticus","","1","191.88","4.0"
"Centrobranchus nigroocellatus","","1","0","0.0"
"Cetengraulis edentulus","","1","0","0.0"
"Citharichthys gymnorhinus","","1","2.99","0.0"
"Chromis enchrysurus","","1","0","0.0"
"Lutjanus synagris","","1","11.66","30.0"
"Malacoraja senta","","1","213.44","6.0"
"Paralichthys dentatus","","1","78.55","29.0"
"Floridichthys carpio","","1","0","0.0"
"Histrio histrio","","1","0","0.0"
"Liparis atlanticus","","1","0","0.0"
"Acanthurus bahianus","","1","0","0.0"
"Alosa sapidissima","","1","0","22.0"
"Eucinostomus gula","","1","0","0.0"
"Anchoa hepsetus","","1","0","0.0"
"Cynoscion nothus","","1","0","0.0"
"Poecilia latipinna","","1","0","0.0"
"Cynoscion regalis","","1","0","0.0"
"Anchoa lyolepis","","1","1.31","0.0"
"Fundulus majalis","","1","49.68","0.0"
"Opisthonema oglinum","","1","46.94","0.0"
"Strongylura marina","","1","0","0.0"
"Chlorophthalmus agassizi","","1","36.37","0.0"
"Coelorinchus carminatus","","1","136.51","5.0"
"Haemulon plumierii","","1","2.71","28.0"
"Stenotomus caprinus","","1","24.94","11.0"
"Heterandria formosa","","1","2.6","1.0"
"Ahlia egmontis","","1","0","0.0"
"Haemulon flavolineatum","","1","33.92","0.0"
"Paralepis coregonoides","","1","0","0.0"
"Stenotomus chrysops","","1","29.33","17.0"
"Acanthurus chirurgus","","1","62.68","0.0"
"Apogon pseudomaculatus","","1","30","0.0"
"Dorosoma cepedianum","","1","0","5.0"
"Monolene sessilicauda","","1","61.14","19.0"
"Sphoeroides maculatus","","1","46.57","7.0"
"Trinectes maculatus","","1","0","0.0"
"Conodon nobilis","","1","0","0.0"
"Dajaus monticola","","1","0","0.0"
"Harengula clupeola","","1","0","UNDATED"
"Sebastes norvegicus","","1","0","0.0"
"Merluccius albidus","","1","91.25","5.0"
"Myoxocephalus octodecemspinosus","","1","0","UNDATED"
"Ancylopsetta dilecta","","1","4.03","0.0"
