Catalog.Number...USNM,Kind.of.Object,Special.Collections,Specimen.Count,Valid.Name,Name.Cleaned,Identification,Other.Identifications,Name.Hierarchy,Type.Status,Type.Citations,Order,Family,Subfamily,Date.Collected,Ocean,Sea.Gulf,Archipelago,Island.Grouping,Island.Name,Continent,Country,Province.State,District.County,Precise.Locality,Centroid.Latitude,Centroid.Longitude,Collector.s.,Field.Number.s.,Other.Numbers..Type...Value.,Vessel,Cruise,Station,Expedition,Collection.Method,Depth..m.,Source.of.Sample,Preparation.Details..Preparation.Location.Count.,Measurements,Notes,Accession.Number,Genetic.Sample.Type,Biorepository.Number,Specimen.Voucher.Number,Bold.ID,GenBank.Numbers,Preservation.Method,Embargo.,Depleted.,Record.Last.Modified,EZID
90190,Specimen/Lot,,22,Alosa aestivalis,Pomolobus aestivalis,Pomolobus aestivalis,,Pomolobus aestivalis : Clupeidae : Clupeiformes : Actinopterygii : Chordata,,,Clupeiformes,Clupeidae,,19-Feb-14,North Atlantic Ocean,,,,Hooper Island,,United States,Maryland,Dorchester County,"Chesapeake Bay, below Hooper's Island Light Island, Spar #16A northeast 3/4 northeast",NA,NA,,,,Fish Hawk,,8052,United States Bureau of Fisheries (USBF),8-ft Beam Trawl,37 to 38,,,,,110854,,,,NA,,NA,,NA,8/20/14 18:21,http://n2t.net/ark:/65665/3c871a533-c6cc-402c-bd45-7aeceb73df99
77312,Specimen/Lot,,16,Lycengraulis grossidens,Lycengraulis olidus,Lycengraulis olidus,,Lycengraulis olidus : Engraulidae : Clupeiformes : Actinopterygii : Chordata,,,Clupeiformes,Engraulidae,,,South Atlantic Ocean,,,,,,Uruguay,Montevideo Department,,Monte Video.,NA,NA,,,,Albatross,,,,,,,Scanning Electron Microphotograph::1,,"Sem = 88.5 - first r. ceratobranchial (posterior half only); 152 - first r. ceratobranchial (posterior half only, w/out posteriormost rakers); and 152 - posteriormost rakers from first r. ceratobranchial.",59889,,,,NA,,NA,,NA,11/14/16 20:21,http://n2t.net/ark:/65665/388043759-e02c-4c3b-b26e-8c43d53afa0f
90152,Specimen/Lot,,14,Alosa aestivalis,Pomolobus aestivalis,Pomolobus aestivalis,,Pomolobus aestivalis : Clupeidae : Clupeiformes : Actinopterygii : Chordata,,,Clupeiformes,Clupeidae,,21 Mar 1914 (1914 Mar 21 - 0000 00 00; 15:40 - 15:51),North Atlantic Ocean,,,,,,United States,Maryland,,"Chesapeake Bay, Cove Point Light, southwest 1/4 west, James Point, north by east 3/8 east",NA,NA,,,,Fish Hawk,,8079,United States Bureau of Fisheries (USBF),Beam Trawl,16,,,,,110854,,,,NA,,NA,,NA,8/20/14 18:09,http://n2t.net/ark:/65665/38b4470bd-a7cd-4aca-b8b5-2f0c6340d7a1
32672,Specimen/Lot,,9,No species ID,Benthosema mulleri,Benthosema mulleri,Myctophum mulleri,Benthosema mulleri : Myctophidae : Myctophiformes : Actinopterygii : Chordata,,,Myctophiformes,Myctophidae,Myctophinae,23 Mar 1883,North Atlantic Ocean,,,,,,United States,Virginia,,"General position: Atlantic Ocean, Cape Hatteras to Cape May",37.345,-74.2933,,,Bone Ledger Number : 26713,Albatross,,D. 2002,"Albatross Expedition, 1883-1900",Beam trawl,1172,,Dry Osteological Specimen::1; Specimen Notes::1,,Fish bone ledger no. 26713; skeleton; haul #2. Only nine of the original sixteen specimens were found inside the jar. The Ledger book does not note as to where the other specimens can be found. One of the nine specimens is in poor condition. Stored in Osteo Collection.,0,,,,NA,,NA,,NA,4/4/17 16:57,http://n2t.net/ark:/65665/319474026-5f01-4a63-a21a-b90d9827ebe4
142591,Specimen/Lot,,4,Bairdiella chrysoura,Bairdiella chrysura,Bairdiella chrysura,,Bairdiella chrysura : Sciaenidae : Perciformes : Actinopterygii : Chordata,,,Perciformes,Sciaenidae,,5 Mar 1917 (1917 Mar 05 - 0000 00 00),North Atlantic Ocean,Gulf of Mexico,,,,,United States,Texas,,"Gulf of Mexico, off Aransas Pass",NA,NA,,,,Grampus,,"10476, HAUL A to F",,,9 to 18,,,,,163614,,,,NA,,NA,,NA,11/20/23 18:19,http://n2t.net/ark:/65665/32cd32bce-78a5-45f4-9a8c-2da3edef4650
170890,Specimen/Lot,Oh My Collection,3,Acanthostracion quadricornis,Lactophrys tricornis,Lactophrys tricornis,,Lactophrys tricornis : Ostraciidae : Tetraodontiformes : Actinopterygii : Chordata,,,Tetraodontiformes,Ostraciidae,,11 Feb 1903 (1903 Feb 11 - 0000 00 00),North Atlantic Ocean,Gulf of Mexico,Florida Keys,,Key West,,United States,Florida,Monroe County,Key West,24.5505,-81.7696,,,Tin Tag : 4424; Tin Tag : 4425; Tin Tag : 4426,Fish Hawk,,,,,,,":NHB - Oh My Collection, WG-36",,,NA,,,,NA,,NA,,NA,8/20/14 18:56,http://n2t.net/ark:/65665/35524a4bb-cc2c-4f99-8305-11fdda7f4173
90148,Specimen/Lot,,3,Alosa aestivalis,Pomolobus aestivalis,Pomolobus aestivalis,,Pomolobus aestivalis : Clupeidae : Clupeiformes : Actinopterygii : Chordata,,,Clupeiformes,Clupeidae,,19-Feb-14,North Atlantic Ocean,,,,Hooper Island,,United States,Maryland,Dorchester County,"Chesapeake Bay, above Hooper Island Light, Cedar Point west northwest 1/4 west, Hooper Island southeast 3/4 south",NA,NA,,,,Fish Hawk,,8050,United States Bureau of Fisheries (USBF),8-ft Beam Trawl,22.9 to 37,,,,,110854,,,,NA,,NA,,NA,8/20/14 18:21,http://n2t.net/ark:/65665/3cb7e0d47-a2f2-4697-9ee5-9b009bd9a74f
28711,Specimen/Lot,,3,Paralichthys oblongus,Pseudorhombus oblongus,Pseudorhombus oblongus,,Pseudorhombus oblongus : Paralichthyidae : Pleuronectiformes : Actinopterygii : Chordata,,,Pleuronectiformes,Paralichthyidae,,,,,,,,,,,,,40.0233,-70.7667,,,,Fish Hawk,,923,,,179,,Unknown:Tank 02,,,0,,,,NA,,NA,,NA,8/19/14 15:39,http://n2t.net/ark:/65665/3f87c0969-5ce1-416f-a441-22ef010c51a2
126456,Specimen/Lot,,3,Selene brownii,Vomer spixii,Vomer spixii,,Vomer spixii : Carangidae : Perciformes : Actinopterygii : Chordata,,,Perciformes,Carangidae,,1898 to 1899 (1898 00 00 - 1899 00 00),North Atlantic Ocean,Caribbean Sea,Greater Antilles,,Puerto Rico,,United States,Puerto Rico,,Porto Rico [sic],NA,NA,,,,Fish Hawk,,,,,,,,,U.s.b.f. no. 1037.,0,,,,NA,,NA,,NA,8/25/14 14:45,http://n2t.net/ark:/65665/3a641bfe9-8edc-4105-8527-33f2eff37b39
46691,Specimen/Lot,,3,Anchoa helleri,Anchovia helleri,Anchovia helleri,,Anchovia helleri : Engraulidae : Clupeiformes : Actinopterygii : Chordata,,,Clupeiformes,Engraulidae,,25 Mar 1889 (1889 Mar 25 - 0000 00 00),North Atlantic Ocean,,,Bermuda Islands,St. George's Island,,Bermuda,St. George's Parish,,Saint George's Island,NA,NA,,,,Albatross,,,,,,,,,,27965,,,,NA,,NA,,NA,8/20/14 17:44,http://n2t.net/ark:/65665/3b3b2d1d1-2212-4fd3-b327-7093b04b0993
392717,Specimen/Lot,,2,Synagrops japonicus,Synagrops bellus,Synagrops bellus,,Synagrops bellus : Acropomatidae : Perciformes : Actinopterygii : Chordata,,,Perciformes,Acropomatidae,,3-Sep-14,North Atlantic Ocean,,,,,,United States,North Carolina,,Gulf Stream,34.1847,-75.9667,,,,Fish Hawk,,D 8247,,8-ft foot beam trawl,91 to 179,,,,,NA,,,,NA,,NA,,NA,8/25/14 17:52,http://n2t.net/ark:/65665/3c5a9689c-0017-4fbd-b7f5-b951b0cd1883
26105,Specimen/Lot,,1,Ulvaria subbifurcata,Eumesogrammus subbifurcatus,Eumesogrammus subbifurcatus,,Eumesogrammus subbifurcatus : Stichaeidae : Perciformes : Actinopterygii : Chordata,,,Perciformes,Stichaeidae,,13 Sep 1880 (1880 Sep 13 - 0000 00 00),North Atlantic Ocean,,,,Martha's Vineyard Island,,United States,Massachusetts,Dukes County,Off Martha's Vineyard,39.95,-70.93,United States Fish Commission,,,Fish Hawk,,807,,,,,,,,0,,,,NA,,NA,,NA,8/20/14 18:54,http://n2t.net/ark:/65665/3c49cd0dd-cc73-409f-ab82-638f80a6118a
392718,Specimen/Lot,,1,Synagrops japonicus,Synagrops bellus,Synagrops bellus,,Synagrops bellus : Acropomatidae : Perciformes : Actinopterygii : Chordata,,,Perciformes,Acropomatidae,,28-Jul-15,,,,,,,,,,Gulf Stream due south Lookout Lightship,35.8417,-76.3875,,,,Fish Hawk,,8295,,,185,,,,,NA,,,,NA,,NA,,NA,8/25/14 18:54,http://n2t.net/ark:/65665/3e4b5f90b-75a8-47e6-a856-b0064fc306d2
392719,Specimen/Lot,,1,Synagrops japonicus,Synagrops bellus,Synagrops bellus,,Synagrops bellus : Acropomatidae : Perciformes : Actinopterygii : Chordata,,,Perciformes,Acropomatidae,,1-Sep-14,,,,,,,,,,"Gulf Stream, 23 miles south Lookout Light Ship",NA,NA,,,,Fish Hawk,,D8242,,8-ft foot beam trawl,0 to 165,,,,,NA,,,,NA,,NA,,NA,8/25/14 17:52,http://n2t.net/ark:/65665/3754bd701-2d65-4d8d-bb8d-4a89bb385b9a
126183,Specimen/Lot,,1,Synagrops japonicus,Synagrops bellus,Synagrops bellus,,Synagrops bellus : Acropomatidae : Perciformes : Actinopterygii : Chordata,,,Perciformes,Acropomatidae,,,,,,,,,,,,,NA,NA,,,Original Number : 1601,Fish Hawk,,7331,,,,,,,,163614,,,,NA,,NA,,NA,8/25/14 18:54,http://n2t.net/ark:/65665/320d86f31-a734-4ba6-8ae5-0a683bbfa5ca
186112,Specimen/Lot,,1,Synagrops japonicus,Synagrops bellus,Synagrops bellus,,Synagrops bellus : Acropomatidae : Perciformes : Actinopterygii : Chordata,,,Perciformes,Acropomatidae,,23-Sep-50,,,,,Horn Island,,United States,Mississippi,Jackson County,Off Horn Island,29.0334,88.568,,,,Fish Hawk,,126,,40-ft shrimp trawl,195,,,,,185983,,,,NA,,NA,,NA,8/25/14 17:51,http://n2t.net/ark:/65665/3b318f9e7-1c2b-451c-8d4b-aa90f8d610af
142875,Specimen/Lot,,1,Synagrops japonicus,Synagrops bellus,Synagrops bellus,,Synagrops bellus : Acropomatidae : Perciformes : Actinopterygii : Chordata,,,Perciformes,Acropomatidae,,30-Mar-03,North Atlantic Ocean,Caribbean Sea,,,,,United States,Florida,,"Florida, 3.5 miles east of Fowey Rocks Light",25.5899,-80.0416,,,,Fish Hawk,,7515,,,,,,,,NA,,,,NA,,NA,,NA,8/25/14 18:54,http://n2t.net/ark:/65665/303c49fcb-3a59-4466-869f-1d9f7783b849
35131,Specimen/Lot,,1,Bagre marinus,Bagre longispinis,Bagre longispinis,Aelurichthys longispinis,Bagre longispinis : Ariidae : Siluriformes : Actinopterygii : Chordata,,,Siluriformes,Ariidae,,,Atlantic,Caribbean Sea,,,,,Colombia,Atlantico,,"Sabanillo, New Granada (Colombia) (Uncertain)",NA,NA,,,,Albatross,,,,,,,Unknown:Tank 01,,,14286,,,,NA,,NA,,NA,6/24/16 12:37,http://n2t.net/ark:/65665/3e88afda3-623e-4ea6-becf-10b4f6bacc99
215504,Specimen/Lot,,1,Bajacalifornia megalops,Bajacalifornia drakei,Bajacalifornia drakei,,Bajacalifornia drakei : Alepocephalidae : Osmeriformes : Actinopterygii : Chordata,,,Osmeriformes,Alepocephalidae,,15 Aug 1969 (1969 Aug 15 - 0000 00 00; 10:12 - 11:30),North Atlantic Ocean,,,,,,United States,New Jersey,,,39.4533,-71.9,"Musick, J. A.",,,Albatross IV,69-8,ST 11,,,823 to 1426,,,,,0,,,,NA,,NA,,NA,5/23/17 14:29,http://n2t.net/ark:/65665/3b7f0b0c7-57cb-42a3-a8f2-c232171a927e
33434,Specimen/Lot,,1,Brosme brosme,Brosmius brosme,Brosmius brosme,,Brosmius brosme : Lotidae : Gadiformes : Actinopterygii : Chordata,,,Gadiformes,Lotidae,,31 Aug 1883,North Atlantic Ocean,,,,,,United States,,,"General position: Nantucket to Cape Sable, Nova Scotia",42.4278,-66.1431,,,,Albatross,,D. 2064,"Albatross Expedition, 1883-1900",Beam trawl,223,,Unknown:Tank 02,,Inventory record 1979-80. see catalog ledger for further data.,0,,,,NA,,NA,,NA,7/22/15 16:50,http://n2t.net/ark:/65665/3758d9759-a6a8-447c-815a-7df55104cf0b
304470,Specimen/Lot,,1,Coryphaenoides rupestris,Coryphaenoides rubestris,Coryphaenoides rubestris,,Coryphaenoides rubestris : Macrouridae : Gadiformes : Actinopterygii : Chordata,,,Gadiformes,Macrouridae,Macrourinae,8 Aug 1885,North Atlantic Ocean,,,,,,United States,Massachusetts,,"[Vicinity of Atlantic Shelf, South of Martha's Vineyard]; Cape Sable to Cape May",39.8917,-70.2917,,,,Albatross,,D. 2546,"Albatross Expedition, 1883-1900",large beam trawl,984,,,,,0,,,,NA,,NA,,NA,7/22/15 16:51,http://n2t.net/ark:/65665/3d86962c5-a597-4c7c-b1e9-fa977b8666c2
34921,Specimen/Lot,,1,Cynoscion virescens,Cynoscion viriscens,Cynoscion viriscens,,Cynoscion viriscens : Sciaenidae : Perciformes : Actinopterygii : Chordata,,,Perciformes,Sciaenidae,,30 Jan 1884 to 2 Feb 1884 (1884 Jan 30 - 1884 Feb 02),North Atlantic Ocean,Caribbean Sea,Lesser Antilles,,Trinidad,South America,Trinidad and Tobago,,,Trinidad,NA,NA,,,,Albatross,,,,,,,Illustration::1,,Original no. 47.,NA,,,,NA,,NA,,NA,8/25/14 18:41,http://n2t.net/ark:/65665/3ea0c38a8-4238-4be5-9ab3-d2ccdb86d7cd
38510,Specimen/Lot,,1,Carcharhinus falciformis,Galeolamna falciformis,Galeolamna falciformis,,Galeolamna falciformis : Carcharhinidae : Carcharhiniformes : Chondrichthyes : Chordata,,,Carcharhiniformes,Carcharhinidae,,20 Oct 1885,North Atlantic Ocean,,,,,,United States,North Carolina,,"General position: Cape Hatteras to Charleston, South Carolina",33.6333,-77.6,,,,Albatross,,D. 2623,"Albatross Expedition, 1883-1900",Small beam trawl,27,,Unknown:Tank 02,,,0,,,,NA,,NA,,NA,7/22/15 16:51,http://n2t.net/ark:/65665/3c28522ad-8bed-466a-8547-bd04277dcc21
220773,Specimen/Lot,,1,No species ID,Carcharhinus commersonii,Carcharhinus commersonii,,Carcharhinus commersonii : Carcharhinidae : Carcharhiniformes : Chondrichthyes : Chordata,,,Carcharhiniformes,Carcharhinidae,,21 Mar 1914 (1914 Mar 21 - 0000 00 00),North Atlantic Ocean,,Bahamian Archipelago,Bahama Islands,,,Bahamas,,,"West Indies, Bahama Islands, north of Bahama Bank",27.77,-78.77,,,Bone Ledger Number : 27577,Grampus (Bache),,10208,"Grampus-Bache Expedition: Jan16 - Mar 23, 1914",,0 to 100,,Dry Osteological Specimen::1,,Formerly 27577 (metal tag) in bone ledger. dried skin. 1 specimen of dry skin in two pieces. Found dry in the fluid collection in January 2017. Moved to the osteo collection. Stored in the osteo collection.,111567,,,,NA,,NA,,NA,6/18/18 23:36,http://n2t.net/ark:/65665/376b4f13e-3778-4fcb-a5ce-b6024a10a3d4